thalmor_tamriel;Thalmor;;;;;;;;;;;;;x
thalmor_tamriel_desc;Originating in ancient times, the Thalmor are a mixture between a political party and a shadowy cabal, created with the objective of stablishing Elven Supremacy over Tamriel, and the arrival of a new Merethic Era.;;;;;;;;;;;;;x
thalmor_tamriel_rank_1_male;Agent;;;;;;;;;;;;;x
thalmor_tamriel_rank_1_female;Agent;;;;;;;;;;;;;x
thalmor_tamriel_rank_2_male;Interrogator;;;;;;;;;;;;;x
thalmor_tamriel_rank_2_female;Interrogator;;;;;;;;;;;;;x
thalmor_tamriel_rank_3_male;Justiciar;;;;;;;;;;;;;x
thalmor_tamriel_rank_3_female;Justiciar;;;;;;;;;;;;;x
thalmor_tamriel_rank_4_male;Emissary;;;;;;;;;;;;;x
thalmor_tamriel_rank_4_female;Emissary;;;;;;;;;;;;;x
thalmor_tamriel_rank_5_male;High Emissary;;;;;;;;;;;;;x
thalmor_tamriel_rank_5_female;High Emissary;;;;;;;;;;;;;x
thalmor_tamriel_leader_desc;The High Emissary of the Thalmor.;;;;;;;;;;;;;x
currency_name_thalmor_tamriel;influence;;;;;;;;;;;;;x
join_the_thalmor_tamriel;Join the Thalmor;;;;;;;;;;;;;x
join_the_thalmor_tamriel_desc;Order [Root.GetFirstName] to join the Thalmor. [Root.GetFirstName] will be granted the rank of Agent and can immediately take on Guild jobs and study Specializations if there are any available to [Root.GetHerHim].;;;;;;;;;;;;;x
eksocieties50Thalmor;Thanks to my contact in the Thalmor, I have access to some of the finest trainers and instructors available. With their help, I can receive training in a variety of advanced specializations.;;;;;;;;;;;;;x
